run_at_utc,query,intent,priority,citation_rank,url,domain,title,is_client_domain,is_tracked_domain
2026-04-16T21:03:35.401452+00:00,baltimore cake smash photographer,bofu,high,1,"https://chayabraun.com/cake-smash-birthday-photos/#:~:text=Chaya%20Braun%20Photography%20is%20a%20premier%20baby,to%20read%20about%20Cake%20Smash%20Birthday%20Photos.",chayabraun.com,Cake Smash Birthday Photos - Chaya Braun Photography,false,false
2026-04-16T21:03:35.401452+00:00,baltimore cake smash photographer,bofu,high,2,"https://www.katrinaviancaphotography.com/#:~:text=Child%20and%20Family%20Photographer%20based%20in%20Howard,cherish%20forever.%20Cake%20smashes%2C%20family%2C%20milestone%20photography.",katrinaviancaphotography.com,"Katrina Vianca Photography: Family, Cake Smash, & Milestone ...",false,false
2026-04-16T21:03:35.401452+00:00,baltimore cake smash photographer,bofu,high,3,https://www.elishevakutner.com/post/a-1-year-old-cake-smash-session-with-baltimore-photographer,elishevakutner.com,1 Year Old Cake Smash Session | Elisheva Kutner | Baltimore MD,false,true
2026-04-16T21:03:35.401452+00:00,baltimore cake smash photographer,bofu,high,4,"https://sarahmichelephotography.com/baltimore-family-photographer-alvarez-cake-smash/#:~:text=Cake%20Smash%20birthday%20session%20captured%20in%20the,by%20Baltimore%20Family%20Photographer%20Sarah%20Michele%20Photography.",sarahmichelephotography.com,Baltimore Family Photographer | Alvarez Cake Smash,false,false
2026-04-16T21:03:35.401452+00:00,baltimore cake smash photographer,bofu,high,5,"https://www.elishevakutner.com/cakesmash#:~:text=Studio%20and%20In%2Dhome%20Cake,moment%20deserves%20to%20be%20captured.",elishevakutner.com,Cake Smash Photos | Baltimore Maryland Photography,false,true
2026-04-16T21:03:35.401452+00:00,baltimore cake smash photographer,bofu,high,6,"https://chayabraun.com/cake-smash-session-purple-and-gold/#:~:text=There's%20something%20absolutely%20extraordinary%20about,session%20%E2%80%94%20enjoy%20these%20sweet%20photos!",chayabraun.com,Cake Smash Session! - Chaya Braun Photography,false,false
2026-04-16T21:03:35.401452+00:00,baltimore cake smash photographer,bofu,high,7,"http://sweetblissphoto.com/cake-smash-1#:~:text=Sweet%20Bliss%20Photography%20in%20Abingdon%2C%20Maryland%20offers,birthday%20party%20*%20About%201.5%2D2%20months%20out",sweetblissphoto.com,"Maryland Newborn Photographer | Sweet Bliss Photography | Baltimore Family, child, Harford County - Cake Smash",false,false
2026-04-16T21:03:35.401452+00:00,baltimore cake smash photographer,bofu,high,8,https://www.instagram.com/reel/DIuSbiiS_9e/,instagram.com,"Photos by Elizabeth, LLC on Instagram: ""The fast one Smash ...",false,false
2026-04-16T21:03:35.401452+00:00,baltimore cake smash photographer,bofu,high,9,https://www.chelsiemaurerphotography.com/one-year-cake-smash-pricing,chelsiemaurerphotography.com,One Year | Cake Smash — Chelsie Maurer Photography,false,false
2026-04-16T21:03:35.401452+00:00,baltimore cake smash photographer,bofu,high,10,"https://mommyconnections.ca/regina/2020/11/16/cake-smash-time-what-to-expect-guest-blogger/#:~:text=If%20you%20are%20thinking%20about%20doing%20a,and%20ensures%20your%20needs%20can%20be%20met!",mommyconnections.ca,Cake Smash Time! What to Expect- Guest Blogger,false,false
2026-04-16T21:03:35.401452+00:00,baltimore cake smash photographer,bofu,high,11,https://www.instagram.com/reel/C92gnwJuXhS/,instagram.com,"🎂Year-in-Review Cake Smash🎂 Our most popular one year session for the last two years uses images from a child’s first year to create a backdrop for their cake smash! All of our one year/cake smash sessions include family portraits, individual images, the cake smash, and then a mini tub portion. For these particular sessions: 1️⃣ Clients send us about 100 images from their child’s first year. 2️⃣ We edit them into black and white and have them printed from our lab. 3️⃣ We attach them to the backdrop one at a time to create the sweetest glimpse into baby’s first year as a whole! Clients are often emotional when they walk in and see the culmination of so many sleepless nights and hard days and wonderful days and holidays and fun and exhaustion. AND they get to take them all home when we are finished. Photographers, have you tried these sessions yet? Clients, do you have a little one with a birthday this year?? Let’s get planning!!",false,false
2026-04-16T21:03:35.401452+00:00,best baby photographer near me baltimore,bofu,high,1,"https://kimwhipps.com/baltimore-newborn-photographer#:~:text=Baltimore%20newborn%20photographer%20SERVING%20Maryland,have%20it%20any%20other%20way.",kimwhipps.com,"Baltimore Newborn Photographer, Natural Family Photography",false,false
2026-04-16T21:03:35.401452+00:00,best baby photographer near me baltimore,bofu,high,2,"https://chayabraun.com/#:~:text=Baltimore%20Newborn%20Photography%2C%20Baby%20Photographer,beautiful%20artwork%20on%20their%20walls.",chayabraun.com,"Baltimore Newborn Photography, Baby Photographer - Chaya ...",false,false
2026-04-16T21:03:35.401452+00:00,best baby photographer near me baltimore,bofu,high,3,"https://www.elishevakutner.com/baltimore-md-photographer#:~:text=As%20a%20trusted%20Baltimore%20maternity,designed%20to%20enhance%20your%20home",elishevakutner.com,"Baltimore Maternity, Newborn and Baby Photographer",false,true
2026-04-16T21:03:35.401452+00:00,best baby photographer near me baltimore,bofu,high,4,"https://www.elishevakutner.com/baby#:~:text=Milestone%20and%20First%20Birthday%20Photography,and%20milestones%20as%20they%20grow.&text=Custom%20Session%20Design:%20Each%20session,included%20for%20cake%20smash%20sessions.",elishevakutner.com,Baltimore Baby Photographer | Studio & In-home Sessions,false,true
2026-04-16T21:03:35.401452+00:00,best baby photographer near me baltimore,bofu,high,5,https://kimwhipps.com/,kimwhipps.com,"Baltimore Family Photographer, Kim Whipps",false,false
2026-04-16T21:03:35.401452+00:00,best baby photographer near me baltimore,bofu,high,6,"https://jholseyphotography.com/baltimore-newborn-photographer#:~:text=Baltimore%20Newborn%20Photographer%20%7C%20J%20Holsey,convenience%20of%20a%20studio%20setting.",jholseyphotography.com,Baltimore Newborn Photographer - J Holsey Photography,false,false
2026-04-16T21:03:35.401452+00:00,best baby photographer near me baltimore,bofu,high,7,https://www.tashasojkaphotography.com/newbornphotography,tashasojkaphotography.com,"Newborn Photographer in Cockeysville, MD",false,false
2026-04-16T21:03:35.401452+00:00,best baby photographer near me baltimore,bofu,high,8,"https://rebeccawyattphotography.com/maryland-newborn-photography-sessions#:~:text=I%20also%20know%20you%20have,money%20will%20be%20well%20spent.&text=%2D%20exceptional%2C%20high%20quality%20print%20&,and%20wall%20gallery%20design%20services.",rebeccawyattphotography.com,Maryland Newborn Photographer - Rebecca Wyatt Photography,false,false
2026-04-16T21:03:35.401452+00:00,best baby photographer near me baltimore,bofu,high,9,"https://www.daninaphotography.com/newborn-photography-cost/#:~:text=On%20average%2C%20expect%20to%20spend,that%20go%20into%20creating%20them.",daninaphotography.com,Newborn Photography Cost - Transparent Pricing Guide,false,false
2026-04-16T21:03:35.401452+00:00,photographer for first birthday baltimore,bofu,medium,1,"https://wp.sugarloafphotographs.com/wild-one-first-birthday-cake-smash-baltimore-photographer/#:~:text=Sugarloaf%20Photography%20serves%20Bel%20Air,Sugarloaf%20Photography",wp.sugarloafphotographs.com,Wild One First Birthday Cake Smash - Baltimore Photographer,false,false
2026-04-16T21:03:35.401452+00:00,photographer for first birthday baltimore,bofu,medium,2,"https://chayabraun.com/cake-smash-birthday-photos/#:~:text=Chaya%20Braun%20Photography%20is%20a%20premier%20baby,to%20read%20about%20Cake%20Smash%20Birthday%20Photos.",chayabraun.com,Cake Smash Birthday Photos - Chaya Braun Photography,false,false
2026-04-16T21:03:35.401452+00:00,photographer for first birthday baltimore,bofu,medium,3,"https://marybosotu.com/2020/01/06/kenzie-turns-1-baltimore-first-birthday-photography-session/#:~:text=There%20are%20many%20first%20birthday%20photographers%20in,albums%20*%20Large%20prints%20*%20Digital%20images",marybosotu.com,Baltimore First Birthday Photography Session / Cake Smash,false,false
2026-04-16T21:03:35.401452+00:00,photographer for first birthday baltimore,bofu,medium,4,"https://www.elishevakutner.com/cakesmash#:~:text=EKP%20offers%20first%20birthday%20sessions,Cake%20Smash%20Milestone%20Sessions",elishevakutner.com,Cake Smash Sessions | Baltimore Maryland Photography,false,true
2026-04-16T21:03:35.401452+00:00,photographer for first birthday baltimore,bofu,medium,5,https://www.elishevakutner.com/baby,elishevakutner.com,Baltimore Baby Photographer | Studio & In-home Sessions,false,true
2026-04-16T21:03:35.401452+00:00,photographer for first birthday baltimore,bofu,medium,6,"https://rebeccaleighphotograph.com/milestones-studio-sessions/ellicott-city-baby-photographer/#:~:text=Print%20your%20images%20in%20a,start%20to%20a%20finished%20product.",rebeccaleighphotograph.com,Ellicott City Baby Photographer | Rebecca Leigh Photography,false,false
2026-04-16T21:03:35.401452+00:00,photographer for first birthday baltimore,bofu,medium,7,"https://chanamirelphotography.com/#:~:text=Baltimore%20Newborn%20&%20Family%20Photographer,photographer%20in%20the%20Baltimore%20area.",chanamirelphotography.com,Chana Mirel Photography | Baltimore Newborn Photographer ...,true,true
2026-04-16T21:03:35.401452+00:00,photographer for first birthday baltimore,bofu,medium,8,https://anakoskaphotography.com/photo/photography/milestone/,anakoskaphotography.com,"Milestone Photography | Baltimore, Maryland",false,false
2026-04-16T21:03:35.401452+00:00,photographer for first birthday baltimore,bofu,medium,9,"https://www.winniebrucephotography.com/newborn-story/#:~:text=Grow%20with%20Me%20Plans%20%E2%80%93%204000.00,your%20maternity%20session%20as%20well.",winniebrucephotography.com,Newborn Story - Winnie Bruce Photography,false,false
2026-04-16T21:03:35.401452+00:00,photographer for first birthday baltimore,bofu,medium,10,"https://rebeccaleighphotograph.com/baltimore-newborn-photographer/#:~:text=Investment%20&%20Details,Your%20baby!",rebeccaleighphotograph.com,Baltimore Newborn Photographer - Rebecca Leigh Photography,false,false
2026-04-16T21:03:35.401452+00:00,photographer for first birthday baltimore,bofu,medium,11,"https://www.melissabriggsphotography.com/cakesmash/#:~:text=When%20to%20Book%20Your%20Cake%20Smash%20Photography,Worcester%20at%20least%204%E2%80%936%20weeks%20in%20advance.",melissabriggsphotography.com,Cake Smash Photographer in Worcester \u0026 Central Massachusetts,false,false
2026-04-16T21:03:35.401452+00:00,photographer for first birthday baltimore,bofu,medium,12,"https://saraphotography.com.au/first-birthday/#:~:text=To%20ensure%20your%20images%20are%20ready%20for,time%2C%20please%20reach%20out%20well%20in%20advance.",saraphotography.com.au,Brisbane first birthday / cake smash photographer,false,false
2026-04-16T21:03:35.401452+00:00,mini session photographer baltimore,bofu,medium,1,"https://www.caitkramer.com/patterson-park-family-and-pet-mini-sessions-baltimore-family-mini-session-photographer/#:~:text=$200%20+%206%25%20MD%20sales%20tax,and%20BOOK%20YOUR%20SESSION%20HERE!",caitkramer.com,Patterson Park Family and Pet Mini Sessions,false,false
2026-04-16T21:03:35.401452+00:00,mini session photographer baltimore,bofu,medium,2,"https://www.caitkramer.com/family-mini-sessions-in-baltimore-mini-session-recap/#:~:text=Cait%20Kramer%20is%20a%20family%20photographer%20in,*%20**Golden%20hour%20glow**%20*%20**Fall%20foliage**",caitkramer.com,Family Mini Sessions in Baltimore | Mini Session Recap - Cait Kramer Photography,false,false
2026-04-16T21:03:35.401452+00:00,mini session photographer baltimore,bofu,medium,3,"https://www.karenrainier.com/minisessions#:~:text=Karen%20Rainier%20Photography%20%7C%20Maryland%20Photographer,to%20display%20on%20your%20walls.",karenrainier.com,mini sessions - Maryland Photographer,false,false
2026-04-16T21:03:35.401452+00:00,mini session photographer baltimore,bofu,medium,4,"https://www.facebook.com/brittanyhalephotography/#:~:text=%F0%9F%AA%A9%20HAPPY%20NEW%20YEAR%20%F0%9F%AA%A9,%F0%9F%A4%8D",facebook.com,Brittany Hale Photography (@brittanyhalephotography ...,false,false
2026-04-16T21:03:35.401452+00:00,mini session photographer baltimore,bofu,medium,5,"https://brittanydunbarphotography.com/mini-sessions#:~:text=Brittany%20Dunbar%20Photography%20offers%20mini%20sessions%20in,greenhouse**%20*%20**Summer%20campfire**%20*%20**Urban%20foliage**",brittanydunbarphotography.com,2025 Mini Sessions,false,false
2026-04-16T21:03:35.401452+00:00,mini session photographer baltimore,bofu,medium,6,"https://www.lisarobin.com/mini#:~:text=2026%20Baltimore%20Mini%20Sessions%20%7C%20Family,book%20here",lisarobin.com,"2026 Baltimore Mini Sessions | Family, Maternity & Couples ...",false,false
2026-04-16T21:03:35.401452+00:00,mini session photographer baltimore,bofu,medium,7,https://www.alisondunnphotography.com/mini-sessions/,alisondunnphotography.com,Montgomery County Maryland Mini Sessions | Alison Dunn Photography,false,false
2026-04-16T21:03:35.401452+00:00,mini session photographer baltimore,bofu,medium,8,"https://www.shootproof.com/blog/book-more-mini-sessions-with-email-templates-shootproof/#:~:text=Gorgeous%20autumn%20colors%2C%20sweater%20weather%2C%20cute%20themes,book%20more%20clients%20and%20land%20more%20sales.",shootproof.com,Book More Mini Sessions with These Helpful Email Templates,false,false
2026-04-16T21:03:35.401452+00:00,mini session photographer baltimore,bofu,medium,9,"https://www.nicolajanephotography.com/minisessions#:~:text=Mini%20sessions%20are%20a%20great%20way%20to,like%20Valentine's%20Day%2C%20Easter%2C%20Halloween%20and%20Christmas.",nicolajanephotography.com,Mini Sessions — Newborn Photographer - Parker CO,false,false
2026-04-16T21:03:35.401452+00:00,when to schedule newborn photos,informational,medium,1,"https://www.kristalbeanphotography.com/heres-how-much-newborns-change-from-24-hours-to-12-weeks-old#:~:text=Honestly%2C%20this%20comes%20down%20to%20two%20factors:,heavy%20eyelids%20that%20babies%20just%20can't%20fight!",kristalbeanphotography.com,Here's how much newborns change from 24 hours to 12 weeks old!,false,false
2026-04-16T21:03:35.401452+00:00,when to schedule newborn photos,informational,medium,2,https://kristinbrockmanphotography.com/when-to-take-newborn-photos/,kristinbrockmanphotography.com,When to Take Newborn Photos - Kristin Brockman Photography,false,false
2026-04-16T21:03:35.401452+00:00,when to schedule newborn photos,informational,medium,3,https://arcadianphotography.com/pros-and-cons-of-newborn-photos-at-1-month/,arcadianphotography.com,Pros and Cons of Newborn Photos at 1 Month | Arcadian Photography,false,false
2026-04-16T21:03:35.401452+00:00,when to schedule newborn photos,informational,medium,4,https://www.kaileeriches.com/blogs/what-age-should-newborn-photos-be-taken,kaileeriches.com,What Age Should Newborn Photos be Taken? — Kailee Riches Photography,false,false
2026-04-16T21:03:35.401452+00:00,when to schedule newborn photos,informational,medium,5,https://neyssalee.com/when-to-do-newborn-photos-what-you-need-to-know/,neyssalee.com,When to Do Newborn Photos: What You Need to Know,false,false
2026-04-16T21:03:35.401452+00:00,when to schedule newborn photos,informational,medium,6,"https://marie-elizabethphotography.com/when-to-take-newborn-photos/#:~:text=Conclusion.%20In%20conclusion%2C%20the%20best%20time%20to,baby%20acne%20around%20the%20three%20week%20mark.",marie-elizabethphotography.com,When to Take Newborn Photos - Marie Elizabeth Photography,false,false
2026-04-16T21:03:35.401452+00:00,when to schedule newborn photos,informational,medium,7,https://www.kristenbrowningphoto.com/blog/when-should-you-schedule-your-newborn-session,kristenbrowningphoto.com,When Should You Schedule Your Lifestyle Newborn Session?,false,false
2026-04-16T21:03:35.401452+00:00,when to schedule newborn photos,informational,medium,8,https://debbiecambaphotography.com/best-time-to-book-newborn-photos-nj/,debbiecambaphotography.com,Best Time to Take Newborn Photos And How to Choose What's Right ...,false,false
2026-04-16T21:03:35.401452+00:00,when to schedule newborn photos,informational,medium,9,https://kellylaramore.com/2022/02/best-time-to-do-newborn-photos/,kellylaramore.com,When Is The Best Time to do Newborn Photos?,false,false
2026-04-16T21:03:35.401452+00:00,when to schedule newborn photos,informational,medium,10,https://www.cristinmore.com/blog/when-should-we-take-newborn-photos,cristinmore.com,When Should We Take Newborn Photos? - Cristin More Photography,false,false
2026-04-16T21:03:35.401452+00:00,when to schedule newborn photos,informational,medium,11,https://jcpportraits.com/photo_tips_ideas/what-age-is-best-to-photograph-a-newborn/,jcpportraits.com,What Age Is Best to Photograph a Newborn? - JCPenney Portraits,false,false
2026-04-16T21:03:35.401452+00:00,when to schedule newborn photos,informational,medium,12,https://www.youtube.com/watch?t=3&v=aHoP-970Sfo,youtube.com,Why Baby Age Matters For Your Newborn Sessions!!,false,false
2026-04-16T21:03:35.401452+00:00,when to schedule newborn photos,informational,medium,13,https://mabelandmoose.co.uk/best-age-to-take-baby-photos,mabelandmoose.co.uk,What's The Best Age to Take Baby Photos,false,false
2026-04-16T21:03:35.401452+00:00,when to schedule newborn photos,informational,medium,14,https://www.youtube.com/watch?v=aHoP-970Sfo&t=3,youtube.com,Why Baby Age Matters For Your Newborn Sessions!!,false,false
2026-04-16T21:03:35.401452+00:00,when to schedule newborn photos,informational,medium,15,https://lauramares.com/how-to-prepare-your-baby-for-their-first-photo-session/,lauramares.com,How to Prepare Your Baby for Their First Photo Session,false,false
2026-04-16T21:03:35.401452+00:00,how to choose a newborn photographer,informational,medium,1,"https://www.jessicadoffing.com/recent-work/how-do-i-choose-my-newborn-photographer2912019#:~:text=If%20your%20priority%20is%20simply,And%20finally%E2%80%A6",jessicadoffing.com,How to Choose a Newborn Photographer | Austin Newborn ...,false,false
2026-04-16T21:03:35.401452+00:00,how to choose a newborn photographer,informational,medium,2,"https://www.kimhildebrand.com/how-to-choose-a-newborn-photographer-near-me/#:~:text=Think%20about%20Session%20Location%20and,d%20like%20to%20go%20for?",kimhildebrand.com,How to Choose a Newborn Photographer Near Me,false,false
2026-04-16T21:03:35.401452+00:00,how to choose a newborn photographer,informational,medium,3,"https://knoxfamilyphoto.com/choosing-your-newborn-photographer/#:~:text=Next%20up%2C%20let's%20talk%20portfolios,I%20want%20photos%20like%20that!%E2%80%9D",knoxfamilyphoto.com,Three P's of Choosing Your Newborn Photographer,false,false
2026-04-16T21:03:35.401452+00:00,how to choose a newborn photographer,informational,medium,4,"https://whitneyobrien.com/how-to-choose-the-right-newborn-photographer-for-your-family/#:~:text=Read%20Reviews%20&%20Ask%20for%20Recommendations,to%20secure%20your%20newborn%20session!",whitneyobrien.com,How to choose the right newborn photographer for your family,false,false
2026-04-16T21:03:35.401452+00:00,how to choose a newborn photographer,informational,medium,5,"https://sofiaribeirophotography.com/choosing-a-newborn-photographer/#:~:text=1.,Kelly%20Brown%2C%20and%20Hello%20Little.",sofiaribeirophotography.com,How to Choose a Newborn Photographer - 13 Questions to Ask,false,false
2026-04-16T21:03:35.401452+00:00,how to choose a newborn photographer,informational,medium,6,"https://nestledintimephotography.com/how-to-choose-a-newborn-photographer/#:~:text=Search%20online%20for%20newborn%20photographers,or%20at%20the%20photographer's%20studio?",nestledintimephotography.com,How to Choose a Newborn Photographer,false,false
2026-04-16T21:03:35.401452+00:00,how to choose a newborn photographer,informational,medium,7,"https://livejoyphotography.com/gallery/tips-for-choosing-a-newborn-photographer#:~:text=Look%20for%20reviews%20from%20previous,view%20of%20the%20photographer's%20reputation.",livejoyphotography.com,Wondering How To Choose Your Newborn Photographer?,false,false
2026-04-16T21:03:35.401452+00:00,how to choose a newborn photographer,informational,medium,8,"https://www.littlebranchphotography.com/blog/how-to-choose-the-right-newborn-photographer-for-your-family#:~:text=Review%20Portfolios:%20Once%20you've,can%20vary%20widely%20in%20cost.",littlebranchphotography.com,How to Choose the Right Newborn Photographer for Your ...,false,false
2026-04-16T21:03:35.401452+00:00,how to choose a newborn photographer,informational,medium,9,https://www.saraherkesphoto.com/blog/hiring-newborn-photographer,saraherkesphoto.com,5 Questions to Ask Before Hiring a Newborn Photographer,false,false
2026-04-16T21:03:35.401452+00:00,how to choose a newborn photographer,informational,medium,10,"https://kendramartinphotography.com/2024/01/hire-a-newborn-photographer/#:~:text=Researching%20and%20finding%20newborn%20photographers,a%20professional%20and%20appealing%20manner.",kendramartinphotography.com,Selecting the Perfect Newborn Photographer: A Comprehensive Guide,false,false
2026-04-16T21:03:35.401452+00:00,how to choose a newborn photographer,informational,medium,11,"https://claremurthy.com/how-to-find-good-newborn-photographer/#:~:text=Summary,I%20get%20for%20my%20investment?",claremurthy.com,How To Find A Good Newborn Photographer | A Buyer’s Guide,false,false
2026-04-16T21:03:35.401452+00:00,newborn photography studio vs at home,comparison,medium,1,https://www.rebeccadanzenbaker.com/studio-newborn-photography/,rebeccadanzenbaker.com,7 Benefits of Studio Newborn Photography vs. Your Home,false,false
2026-04-16T21:03:35.401452+00:00,newborn photography studio vs at home,comparison,medium,2,"https://whitneyobrien.com/studio-or-in-home-which-type-of-newborn-photo-session-is-best/#:~:text=Sometimes%20I%20even%20have%20clients,finished%20nursery%20or%20%E2%80%9Cperfect%E2%80%9D%20home",whitneyobrien.com,Which type of newborn photo session is best - Studio or in ...,false,false
2026-04-16T21:03:35.401452+00:00,newborn photography studio vs at home,comparison,medium,3,"https://www.jessicadoffing.com/recent-work/should-i-do-a-home-or-studio-newborn-session2912019#:~:text=Should%20I%20Do%20a%20Home,preferences%2C%20and%20stages%20of%20life.",jessicadoffing.com,Home vs Studio Newborn Session,false,false
2026-04-16T21:03:35.401452+00:00,newborn photography studio vs at home,comparison,medium,4,"https://nataliemariaphoto.com/blog/why-your-newborn-photo-session-should-be-done-at-home-instead-of-a-studio#:~:text=When%20deciding%20between%20a%20home%20and%20studio,Baby%20may%20be%20manipulated%20into%20awkward%20positions",nataliemariaphoto.com,Why Your Newborn Photo Session Should Be Done At Home Instead Of A Studio,false,false
2026-04-16T21:03:35.401452+00:00,newborn photography studio vs at home,comparison,medium,5,"https://www.andriafontenot.com/blog//home-vs-studio-newborn-session-lynchburg-va#:~:text=Both%20home%20and%20studio%20newborn,you%20don't%20have%20to.",andriafontenot.com,Should I Do a Home or Studio Newborn Session?,false,false
2026-04-16T21:03:35.401452+00:00,newborn photography studio vs at home,comparison,medium,6,"https://www.thesnugsessions.com/blog/in-home-vs-studio-newborn-photography#:~:text=The%20difference%20in%20the%20result,is%20about%20preserving%20a%20memory.",thesnugsessions.com,"In Home vs Studio Newborn Photography, What Is Right For You?",false,false
2026-04-16T21:03:35.401452+00:00,newborn photography studio vs at home,comparison,medium,7,"https://worthcapturing.photography/choosing-between-a-studio-or-in-home-newborn-session/#:~:text=Another%20reason%20for%20choosing%20an,also%20really%20classic%20and%20beautiful.",worthcapturing.photography,Choosing Between a Studio or In-Home Newborn Session in ...,false,false
2026-04-16T21:03:35.401452+00:00,newborn photography studio vs at home,comparison,medium,8,"https://ginnyfilerphotography.com/blog/2025/12/19/studio-vs-in-home-newborn-photos-which-is-right-for-you#:~:text=How%20to%20decide,you%20best%20during%20this%20time.",ginnyfilerphotography.com,Studio vs In-Home Newborn Photos: Which Is Right for You?,false,false
2026-04-16T21:03:35.401452+00:00,newborn photography studio vs at home,comparison,medium,9,"https://www.sandracoan.com/sandra-coan-photography-blog/studio-vs-in-home-newborn-photography-in-seattle-which-is-right-for-you#:~:text=Studio%20vs.-,In%2DHome%20Newborn%20Photography%20in%20Seattle:%20Which%20Is%20Right%20for,want%20during%20those%20first%20days.",sandracoan.com,Studio vs. In-Home Newborn Photography in Seattle: Which Is Right ...,false,false
2026-04-16T21:03:35.401452+00:00,newborn photography studio vs at home,comparison,medium,10,https://laurendobishphotography.com/newborn-photoshoots-at-home-vs-in-a-studio/,laurendobishphotography.com,Newborn Photoshoots at Home vs. In a Studio | Lauren Dobish Photography,false,false
2026-04-16T21:03:35.401452+00:00,newborn photography studio vs at home,comparison,medium,11,https://pompyportraits.com/in-home-newborn-photos-vs-studio-newborn-photos/,pompyportraits.com,Studio vs In Home Newborn Photos - Pros & Cons | Pompy Portraits,false,false
2026-04-16T21:03:35.401452+00:00,newborn photography studio vs at home,comparison,medium,12,"https://photographybyalyssum.com/lifestyle-vs-studio-newborn/#:~:text=Session%20Time,that%20are%20sentimental%20to%20you.",photographybyalyssum.com,Choosing Between In-Home & Studio Newborn,false,false
2026-04-16T21:03:35.401452+00:00,newborn photography studio vs at home,comparison,medium,13,"https://www.nycnewbornphotography.com/newborn-photography-in-home-or-in-studio-we-look-at-both-options/#:~:text=Photography%20Style,for%20your%20baby's%20professional%20photos.",nycnewbornphotography.com,Newborn Photography: Studio or In-Home? - NYC - Glow Portraits,false,false
2026-04-16T21:03:35.401452+00:00,newborn photography studio vs at home,comparison,medium,14,"https://mollyhensley.com/2025/12/18/in-home-vs-studio-newborn-photography-greer/#:~:text=Which%20Option%20Is%20Right%20for,may%20be%20the%20better%20fit.",mollyhensley.com,In-Home vs Studio Newborn Sessions | Greer Newborn Photographer,false,false
2026-04-16T21:03:35.401452+00:00,best maternity photographers in maryland,solution-aware,medium,1,"https://lrgportraits.com/galleries/maternity/#:~:text=Lauren%20from%20LRG%20Portraits%20is%20a%20maternity,album%20design%20*%20Baby's%20first%20year%20memberships",lrgportraits.com,Maryland Maternity Photographer,false,false
2026-04-16T21:03:35.401452+00:00,best maternity photographers in maryland,solution-aware,medium,2,"https://marie-elizabethphotography.com/maryland-maternity-photographer/#:~:text=Marie%20is%20a%20maternity%20photographer%20in%20Maryland,or%20velvet%20album**%20*%20**Museum%2Dquality%20wall%20art**",marie-elizabethphotography.com,Maryland Maternity Photographer: Marie Elizabeth Photography,false,false
2026-04-16T21:03:35.401452+00:00,best maternity photographers in maryland,solution-aware,medium,3,https://emilyalyssa.com/maryland-maternity-photographer-chesapeake-bay-beach-maternity-photos/,emilyalyssa.com,Chesapeake Bay Maternity Photos | Maryland Maternity Photographer,false,false
2026-04-16T21:03:35.401452+00:00,best maternity photographers in maryland,solution-aware,medium,4,https://nellanunez.com/gallery/maternity-sessions/#:~:text=MATERNITY%20SESSIONS%20%2D%20Marianella%20Nunez%20Photography,nellanunez.com,MATERNITY SESSIONS - Marianella Nunez Photography,false,false
2026-04-16T21:03:35.401452+00:00,best maternity photographers in maryland,solution-aware,medium,5,https://anakoskaphotography.com/photo/photography/maternity/,anakoskaphotography.com,"Maternity Photography | Baltimore, Maryland",false,false
2026-04-16T21:03:35.401452+00:00,best maternity photographers in maryland,solution-aware,medium,6,"https://www.facebook.com/kingshillstudios/posts/the-best-time-for-maternity-photos-is-usually-between-seven-and-eight-months-pre/1498216308976848/#:~:text=%F0%9F%93%B8%20The%20sweet%20spot%20for,of%20energy%20for%20the%20session!",facebook.com,The best time for maternity photos is usually between seven and eight ...,false,false
2026-04-16T21:03:35.401452+00:00,best maternity photographers in maryland,solution-aware,medium,7,"https://www.instagram.com/p/DQ9RKkZkrso/#:~:text=BEST%20MATERNITY%20SHOOT:-,I%20recommend%20taking%20photos%20between%20the%2029%2D34%20weeks%20of,it%20can%20be%20physically%20demanding.",instagram.com,️ WHEN IS THE RIGHT TIME FOR THE BEST MATERNITY SHOOT,false,false
2026-04-16T21:03:35.401452+00:00,best maternity photographers in maryland,solution-aware,medium,8,"https://beccajeanphotography.com/when-to-take-maternity-photos-portland-oregon-photographer/#:~:text=The%20ideal%20time%20to%20schedule,vary%20depending%20on%20your%20body.",beccajeanphotography.com,When to Take Maternity Photos - Becca Jean Photography,false,false
2026-04-16T21:03:35.401452+00:00,best maternity photographers in maryland,solution-aware,medium,9,"https://www.camillecd.photography/en/blog-1/how-to-choose-your-maternity-photographer-fdzws#:~:text=When%20you%20are%20looking%20for,good%20reputation%20and%20happy%20customers.",camillecd.photography,How to choose your maternity photographer (Copy),false,false
2026-04-16T21:03:35.401452+00:00,best maternity photographers in maryland,solution-aware,medium,10,"https://nestledintimephotography.com/maternity-photography-pricing/#:~:text=A%20minimum%20total%20investment%20(excluding,investment%20with%20us%20is%20$2500.",nestledintimephotography.com,Maternity Photography Pricing Packages,false,false
2026-04-16T21:03:35.401452+00:00,sitter session photographer baltimore,bofu,low,1,"https://www.instagram.com/reel/DOgn8kvjp4H/#:~:text=I%20wanted%20to%20show%20you,sarah_thorwarth",instagram.com,I wanted to show you what a sitter session in my Baltimore ...,false,false
2026-04-16T21:03:35.401452+00:00,sitter session photographer baltimore,bofu,low,2,"https://www.instagram.com/p/DCgw7truOuI/#:~:text=If%20you%20get%20newborn%20photos,farmgirlknitting",instagram.com,"MD Maternity + Newborns on Instagram: ""If you get newborn ...",false,false
2026-04-16T21:03:35.401452+00:00,sitter session photographer baltimore,bofu,low,3,"https://www.instagram.com/reel/DR43y5rDpYW/#:~:text=Capturing%20your%20baby's%20tiniest%20details,%23baltimorephotography",instagram.com,The sitter session is photographed when baby is between 6-9 ...,false,false
2026-04-16T21:03:35.401452+00:00,sitter session photographer baltimore,bofu,low,4,https://chanamirelphotography.com/sitter-sessions/,chanamirelphotography.com,Sitter FAQ - Chana Mirel Photography,true,true
2026-04-16T21:03:35.401452+00:00,sitter session photographer baltimore,bofu,low,5,https://www.tashasojkaphotography.com/home,tashasojkaphotography.com,Tasha Sojka Photography | Newborn & Maternity Photographer in Baltimore Maryland,false,false
2026-04-16T21:03:35.401452+00:00,sitter session photographer baltimore,bofu,low,6,"https://anakoskaphotography.com/#:~:text=Ana%20Koska%20is%20a%20professional%20photographer%20in,studio%2C%20outdoors%2C%20or%20a%20combination%20of%20both",anakoskaphotography.com,"Ana Koska Photography: Newborn and Family Portrait Photographer, Baltimore Maryland",false,false
2026-04-16T21:03:35.401452+00:00,sitter session photographer baltimore,bofu,low,7,"https://annecaseyphotography.com/portraits#:~:text=Here's%20some%20information%20about%20portrait%20photographers%20in,a%20combination%20of%20posed%20and%20candid%20portraits",annecaseyphotography.com,Baltimore Photographer | Anne Casey Photography,false,false
2026-04-16T21:03:35.401452+00:00,sitter session photographer baltimore,bofu,low,8,"https://brittanydunbarphotography.com/mini-sessions#:~:text=Brittany%20Dunbar%20Photography%20offers%20mini%20sessions%20in,greenhouse**%20*%20**Summer%20campfire**%20*%20**Urban%20foliage**",brittanydunbarphotography.com,2025 Mini Sessions,false,false
2026-04-16T21:03:35.401452+00:00,sitter session photographer baltimore,bofu,low,9,https://heartlovephotography.com/sitter-session-all-white-photography-studio/,heartlovephotography.com,sitter session | all white photography studio,false,false
2026-04-16T21:03:35.401452+00:00,sitter session photographer baltimore,bofu,low,10,"https://www.rachaelphillipsphotography.co.uk/sitters-session/#:~:text=How%20It%20Works%20%E2%80%93%20Simple%2C%20Fun%20&,grins%2C%20wide%2Deyed%20expressions%2C%20and%20adorable%20moments%20together.",rachaelphillipsphotography.co.uk,Sitters,false,false
2026-04-16T21:03:35.401452+00:00,milk bath baby photographer baltimore,bofu,low,1,"https://annagracephoto.com/blog/maternity-milk-bath-shoot#:~:text=Maternity%20Milk%20Bath%20Shoot%20%7BTowson,shoot%2C%20because%20why%20not!?",annagracephoto.com,"Maternity Milk Bath Shoot {Towson, MD}",false,false
2026-04-16T21:03:35.401452+00:00,milk bath baby photographer baltimore,bofu,low,2,"https://sarahmichelephotography.com/baltimore-family-photographer-milk-bath/#:~:text=Sarah%20Michele%20photography%20specializes%20in%20Newborn%2C%20Family%2C,up%20an%20incredible%20session%20for%20you%20or",sarahmichelephotography.com,Baltimore Family Photographer | Milk bath,false,false
2026-04-16T21:03:35.401452+00:00,milk bath baby photographer baltimore,bofu,low,3,"https://www.winniebrucephotography.com/families/ashley-hugos-nursing-milk-bath-baltimore-md-baby-photographer/#:~:text=Winnie%20Bruce%20Photography%20is%20a,found%20under%20the%20investment%20tab.",winniebrucephotography.com,"Ashley & Hugo's nursing milk bath | Baltimore, MD Baby ...",false,false
2026-04-16T21:03:35.401452+00:00,milk bath baby photographer baltimore,bofu,low,4,"https://marie-elizabethphotography.com/milk-bath-photoshoots-romantic-newborn-photos/#:~:text=If%20milk%20bath%20photoshoots%20weren,with%20a%20full%2Dservice%20experience.",marie-elizabethphotography.com,Milk bath Photoshoots | Romantic Newborn Photos,false,false
2026-04-16T21:03:35.401452+00:00,milk bath baby photographer baltimore,bofu,low,5,"https://www.borrowedbluephoto.com/blog/tag/baltimore+milk+bath#:~:text=First%20Birthday%20Cake%20Smash&text=Borrowed%20Blue%20Portrait%20Photography%20photographed,at%20the%20studio%20in%20Hampden.",borrowedbluephoto.com,baltimore milk bath — Blog of Borrowed Blue Photography,false,false
2026-04-16T21:03:35.401452+00:00,milk bath baby photographer baltimore,bofu,low,6,"https://www.lisarobin.com/newborn#:~:text=Outfits%20like%20the%20ones%20shown,to%20stay%20calm%20and%20comfortable.",lisarobin.com,Baltimore Maternity and Newborn Photographer,false,false
2026-04-16T21:03:35.401452+00:00,milk bath baby photographer baltimore,bofu,low,7,"https://chayabraun.com/#:~:text=What%20sets%20Chaya%20Braun%20Photography,beautiful%20artwork%20on%20their%20walls.",chayabraun.com,"Baltimore Newborn Photography, Baby Photographer - Chaya Braun",false,false
2026-04-16T21:03:35.401452+00:00,milk bath baby photographer baltimore,bofu,low,8,"https://staceygillinphotography.com/stacey-gillin-photography-baltimore-md-newborn-photographer/#:~:text=A%20client%20who%20drove%20with,booking%20your%20session%20with%20her!%E2%80%9D",staceygillinphotography.com,Stacey Gillin Photography | Baltimore MD Newborn Photographer,false,false
2026-04-16T21:03:35.401452+00:00,milk bath baby photographer baltimore,bofu,low,9,"https://www.elishevakutner.com/baltimore-md-photographer#:~:text=As%20a%20trusted%20Baltimore%20maternity,designed%20to%20enhance%20your%20home",elishevakutner.com,"Baltimore Maternity, Newborn and Baby Photographer",false,true
2026-04-16T21:03:35.401452+00:00,milk bath baby photographer baltimore,bofu,low,10,"https://www.redlotusphotography.com/milk-bath-photos/baby-milk-bath-photos-fruit-and-flower-fun/#:~:text=Milk%20baths%20consist%20of%20warm%20water%2C%20milk%2C,make%20when%20they%20taste%20a%20lemon%E2%80%93so%20cute!",redlotusphotography.com,Baby Milk Bath Photos | Fruit and Flower Fun!,false,false
