url,domain,page_type,source_platform,channel_group,surface_type,word_count,title,title_length,meta_description_present,h1_count,h2_count,h3_count,image_count,table_count,ul_count,ol_count,faq_heading_present,any_schema_present,faq_schema_present,schema_types,internal_link_count,external_link_count,brand_mentions,brand_density_per_1000_words,numeric_stat_count,year_mentions,last_updated,fact_sentence_count,fact_density_score,bofu_phrase_score,is_client_domain,fetch_status
"https://chayabraun.com/cake-smash-birthday-photos/#:~:text=Chaya%20Braun%20Photography%20is%20a%20premier%20baby,to%20read%20about%20Cake%20Smash%20Birthday%20Photos.",chayabraun.com,unknown,website,organic-site,organic,1547,Cake Smash Birthday Photos - Chaya Braun Photography,52,true,1,1,0,27,0,6,0,false,true,false,Article|BreadcrumbList|EntryPoint|ImageObject|ListItem|Organization|Person|PropertyValueSpecification|ReadAction|SearchAction|WebPage|WebSite,2,22,5,3.23,2,1,,2,4.52,3,false,ok
"https://www.katrinaviancaphotography.com/#:~:text=Child%20and%20Family%20Photographer%20based%20in%20Howard,cherish%20forever.%20Cake%20smashes%2C%20family%2C%20milestone%20photography.",katrinaviancaphotography.com,homepage,website,organic-site,organic,42452,"Family, Cake Smash, &  Milestone Photographer | Howard County MD | Katrina Vianca Photography",93,true,2,3,2,25,0,5,0,false,true,false,LocalBusiness|PostalAddress|WebSite,0,24,5,0.12,22,89,,29,2.05,2,false,ok
https://www.elishevakutner.com/post/a-1-year-old-cake-smash-session-with-baltimore-photographer,elishevakutner.com,unknown,website,organic-site,organic,55600,1 Year Old Cake Smash Session | Elisheva Kutner | Baltimore MD,62,true,1,1,0,17,0,7,0,false,true,false,BlogPosting|ImageObject|Organization|Person|itemPage,0,71,3,0.05,9,120,,9,0.56,6,false,ok
"https://sarahmichelephotography.com/baltimore-family-photographer-alvarez-cake-smash/#:~:text=Cake%20Smash%20birthday%20session%20captured%20in%20the,by%20Baltimore%20Family%20Photographer%20Sarah%20Michele%20Photography.",sarahmichelephotography.com,unknown,website,organic-site,organic,736,"Baltimore Family Photographer | Alvarez Cake Smash - Sarah Michele Photography | Annapolis, Baltimore, Newborn, Child, and Family Photographer.",143,true,1,1,5,18,1,8,0,false,true,false,Article|BreadcrumbList|CommentAction|EntryPoint|ImageObject|ListItem|Organization|Person|PropertyValueSpecification|ReadAction|SearchAction|WebPage|WebSite,5,55,0,0.0,4,2,2025-05-13,5,20.38,2,false,ok
"https://www.elishevakutner.com/cakesmash#:~:text=Studio%20and%20In%2Dhome%20Cake,moment%20deserves%20to%20be%20captured.",elishevakutner.com,unknown,website,organic-site,organic,34694,Cake Smash Photos | Baltimore Maryland Photography | Elisheva Kutner,68,true,10,5,0,18,0,3,0,false,true,false,AggregateRating|BreadcrumbList|ContactPoint|GeoCoordinates|ListItem|LocalBusiness|Organization|Person|PostalAddress|ProfessionalService|Rating|Review|Service,0,45,6,0.17,18,145,,26,2.16,5,false,ok
"https://chayabraun.com/cake-smash-session-purple-and-gold/#:~:text=There's%20something%20absolutely%20extraordinary%20about,session%20%E2%80%94%20enjoy%20these%20sweet%20photos!",chayabraun.com,unknown,website,organic-site,organic,1321,Cake Smash Session! - Chaya Braun Photography,45,true,1,1,0,14,0,6,0,false,true,false,Article|BreadcrumbList|EntryPoint|ImageObject|ListItem|Organization|Person|PropertyValueSpecification|ReadAction|SearchAction|WebPage|WebSite,2,25,4,3.03,2,1,,2,5.3,3,false,ok
"http://sweetblissphoto.com/cake-smash-1#:~:text=Sweet%20Bliss%20Photography%20in%20Abingdon%2C%20Maryland%20offers,birthday%20party%20*%20About%201.5%2D2%20months%20out",sweetblissphoto.com,blog-article,website,organic-site,organic,1097,"Maryland Newborn Photographer | Sweet Bliss Photography | Baltimore Family, child, Harford County - Cake Smash",110,false,1,7,2,9,0,9,0,false,true,false,LocalBusiness|Organization|WebSite,42,6,16,14.59,8,32,2026-03-22,13,31.91,3,false,ok
https://www.instagram.com/reel/DIuSbiiS_9e/,instagram.com,social-post,website,social-community,social,8455,Instagram,9,false,0,0,0,2,0,0,0,false,false,false,,0,0,5,0.59,1,0,,1,0.35,1,false,ok
https://www.chelsiemaurerphotography.com/one-year-cake-smash-pricing,chelsiemaurerphotography.com,service-page,website,organic-site,organic,3368,One Year | Cake Smash — Chelsie Maurer Photography,50,false,1,1,9,6,0,0,0,true,true,false,ContactPoint|GeoCircle|GeoCoordinates|LocalBusiness|Organization|PostalAddress|WebSite,67,2,3,0.89,10,1,,12,11.28,6,false,ok
"https://mommyconnections.ca/regina/2020/11/16/cake-smash-time-what-to-expect-guest-blogger/#:~:text=If%20you%20are%20thinking%20about%20doing%20a,and%20ensures%20your%20needs%20can%20be%20met!",mommyconnections.ca,unknown,website,organic-site,organic,1823,Cake Smash Time! What to Expect- Guest Blogger,46,false,2,2,5,15,0,16,0,false,false,false,,1,71,0,0.0,3,2,,9,10.42,3,false,ok
https://www.instagram.com/reel/C92gnwJuXhS/,instagram.com,social-post,website,social-community,social,8455,Instagram,9,false,0,0,0,2,0,0,0,false,false,false,,0,0,5,0.59,1,0,,1,0.35,1,false,ok
"https://kimwhipps.com/baltimore-newborn-photographer#:~:text=Baltimore%20newborn%20photographer%20SERVING%20Maryland,have%20it%20any%20other%20way.",kimwhipps.com,directory-listing,website,organic-site,organic,22778,"Baltimore  Newborn Photographer, Natural Family Photography",59,true,3,37,43,178,0,0,0,false,false,false,,93,13,0,0.0,9,3,,19,2.02,4,false,ok
"https://chayabraun.com/#:~:text=Baltimore%20Newborn%20Photography%2C%20Baby%20Photographer,beautiful%20artwork%20on%20their%20walls.",chayabraun.com,homepage,website,organic-site,organic,2268,"Baltimore Newborn Photography, Baby Photographer - Chaya Braun",62,true,2,11,1,18,0,5,0,false,true,false,BreadcrumbList|EntryPoint|GeoCoordinates|ImageObject|ListItem|LocalBusiness|OpeningHoursSpecification|Organization|PostalAddress|PropertyValueSpecification|ReadAction|SearchAction|WebPage|WebSite,3,34,8,3.53,4,3,,17,14.55,7,false,ok
"https://www.elishevakutner.com/baltimore-md-photographer#:~:text=As%20a%20trusted%20Baltimore%20maternity,designed%20to%20enhance%20your%20home",elishevakutner.com,blog-article,website,organic-site,organic,28520,"Baltimore Baby, Milestones and Family Photographer - Elisheva Kutner",68,true,2,4,4,15,0,4,0,false,true,false,AggregateRating|ImageObject|Person|Product|ProfessionalService|Rating|Review|Service,0,47,8,0.28,2,111,,2,0.25,4,false,ok
"https://www.elishevakutner.com/baby#:~:text=Milestone%20and%20First%20Birthday%20Photography,and%20milestones%20as%20they%20grow.&text=Custom%20Session%20Design:%20Each%20session,included%20for%20cake%20smash%20sessions.",elishevakutner.com,unknown,website,organic-site,organic,1336,,0,false,0,0,0,0,0,0,0,false,false,false,,0,0,0,0.0,1,0,,1,2.25,1,false,ok
https://kimwhipps.com/,kimwhipps.com,homepage,website,organic-site,organic,16111,"Baltimore  Family Photographer, Kim Whipps",42,true,3,25,33,24,0,0,0,false,false,false,,62,11,0,0.0,5,3,,11,1.61,5,false,ok
"https://jholseyphotography.com/baltimore-newborn-photographer#:~:text=Baltimore%20Newborn%20Photographer%20%7C%20J%20Holsey,convenience%20of%20a%20studio%20setting.",jholseyphotography.com,directory-listing,website,organic-site,organic,21951,Baltimore Newborn Photographer | J Holsey Photography,53,true,1,6,7,112,0,0,0,true,false,false,,56,6,2,0.09,6,5,,31,2.64,6,false,ok
https://www.tashasojkaphotography.com/newbornphotography,tashasojkaphotography.com,directory-listing,website,organic-site,organic,108245,"Newborn Photographer in Cockeysville, MD | Tasha Sojka Photography",66,true,8,4,14,70,0,6,0,false,false,false,,0,35,3,0.03,62,128,,91,2.4,4,false,ok
"https://rebeccawyattphotography.com/maryland-newborn-photography-sessions#:~:text=I%20also%20know%20you%20have,money%20will%20be%20well%20spent.&text=%2D%20exceptional%2C%20high%20quality%20print%20&,and%20wall%20gallery%20design%20services.",rebeccawyattphotography.com,blog-article,website,organic-site,organic,709,Maryland Newborn Photographer — Modern Newborn & Family Photographer Rebecca Wyatt,82,true,1,0,1,33,0,0,0,false,true,false,LocalBusiness|Organization|WebSite,40,3,1,1.41,4,1,,10,32.44,3,false,ok
"https://www.daninaphotography.com/newborn-photography-cost/#:~:text=On%20average%2C%20expect%20to%20spend,that%20go%20into%20creating%20them.",daninaphotography.com,blog-article,website,organic-site,organic,3014,Newborn Photography Cost - Transparent Pricing Guide,52,true,1,7,13,3,0,10,0,false,true,false,BlogPosting|ImageObject|Organization|Person|ProfessionalService|WebPage|WebSite,1,24,2,0.66,15,0,,19,19.24,7,false,ok
"https://wp.sugarloafphotographs.com/wild-one-first-birthday-cake-smash-baltimore-photographer/#:~:text=Sugarloaf%20Photography%20serves%20Bel%20Air,Sugarloaf%20Photography",wp.sugarloafphotographs.com,unknown,website,organic-site,organic,7708,Wild One First Birthday Cake Smash - Baltimore Photographer - Sugarloaf Photography,83,false,1,0,4,17,0,14,0,false,true,false,Article|BreadcrumbList|CommentAction|EntryPoint|ImageObject|ListItem|Organization|Person|PropertyValueSpecification|ReadAction|SearchAction|WebPage|WebSite,16,39,6,0.78,2,3,,4,1.3,6,false,ok
"https://marybosotu.com/2020/01/06/kenzie-turns-1-baltimore-first-birthday-photography-session/#:~:text=There%20are%20many%20first%20birthday%20photographers%20in,albums%20*%20Large%20prints%20*%20Digital%20images",marybosotu.com,directory-listing,website,organic-site,organic,9348,Baltimore First Birthday Photography Session / Cake Smash,57,true,2,5,6,16,0,0,0,false,true,false,AggregateRating|Article|BreadcrumbList|CommentAction|EntryPoint|GeoCoordinates|ImageObject|ListItem|LocalBusiness|Offer|OfferCatalog|OpeningHoursSpecification|Organization|Person|PostalAddress|ProfessionalService|PropertyValueSpecification|ReadAction|SearchAction|Service|WebPage|WebSite,60,32,2,0.21,4,1,,7,1.93,4,false,ok
"https://www.elishevakutner.com/cakesmash#:~:text=EKP%20offers%20first%20birthday%20sessions,Cake%20Smash%20Milestone%20Sessions",elishevakutner.com,unknown,website,organic-site,organic,34694,Cake Smash Photos | Baltimore Maryland Photography | Elisheva Kutner,68,true,10,5,0,18,0,3,0,false,true,false,AggregateRating|BreadcrumbList|ContactPoint|GeoCoordinates|ListItem|LocalBusiness|Organization|Person|PostalAddress|ProfessionalService|Rating|Review|Service,0,45,6,0.17,18,145,,26,2.16,5,false,ok
https://www.elishevakutner.com/baby,elishevakutner.com,unknown,website,organic-site,organic,1336,,0,false,0,0,0,0,0,0,0,false,false,false,,0,0,0,0.0,1,0,,1,2.25,1,false,ok
"https://rebeccaleighphotograph.com/milestones-studio-sessions/ellicott-city-baby-photographer/#:~:text=Print%20your%20images%20in%20a,start%20to%20a%20finished%20product.",rebeccaleighphotograph.com,blog-article,website,organic-site,organic,6591,Ellicott City Baby Photographer | Rebecca Leigh Photography Instagram-color,75,true,1,7,5,22,0,0,0,false,true,false,BlogPosting|BreadcrumbList|GeoCoordinates|ImageObject|ListItem|LocalBusiness|Organization|Person|Place|PostalAddress|WebPage|WebSite,15,18,4,0.61,5,6,,12,4.25,4,false,ok
"https://chanamirelphotography.com/#:~:text=Baltimore%20Newborn%20&%20Family%20Photographer,photographer%20in%20the%20Baltimore%20area.",chanamirelphotography.com,homepage,website,organic-site,organic,1549,Chana Mirel Photography | Baltimore Newborn Photographer – Capturing your families milestones with love,103,false,1,5,0,3,0,8,0,false,false,false,,0,37,2,1.29,2,1,,5,7.1,3,true,ok
https://anakoskaphotography.com/photo/photography/milestone/,anakoskaphotography.com,unknown,website,organic-site,organic,5204,"Milestone Photography | Baltimore, Maryland | Ana Koska Photography",67,true,1,7,0,18,0,19,0,false,true,false,Article|BreadcrumbList|GeoCoordinates|ImageObject|ListItem|Organization|Person|Place|PostalAddress|ProfessionalService|WebPage|WebSite,19,96,8,1.54,3,1,,4,2.31,5,false,ok
"https://www.winniebrucephotography.com/newborn-story/#:~:text=Grow%20with%20Me%20Plans%20%E2%80%93%204000.00,your%20maternity%20session%20as%20well.",winniebrucephotography.com,unknown,website,organic-site,organic,2776,"Baltimore, MD Washington DC Family, Newborn, High School Senior, Birth, Maternity Photographer",94,true,11,0,1,15,0,2,0,false,true,false,BreadcrumbList|EntryPoint|ImageObject|ListItem|Organization|PropertyValueSpecification|ReadAction|SearchAction|WebPage|WebSite,0,17,3,1.08,25,2,,53,46.47,7,false,ok
"https://rebeccaleighphotograph.com/baltimore-newborn-photographer/#:~:text=Investment%20&%20Details,Your%20baby!",rebeccaleighphotograph.com,blog-article,website,organic-site,organic,14682,Baltimore Newborn Photographer : Rebecca Leigh Photography Instagram-color,74,true,1,12,23,143,0,1,0,true,true,false,Article|BreadcrumbList|GeoCoordinates|ImageObject|ListItem|LocalBusiness|Organization|Person|Place|PostalAddress|WebPage|WebSite,41,39,0,0.0,10,2,,26,4.02,7,false,ok
"https://www.melissabriggsphotography.com/cakesmash/#:~:text=When%20to%20Book%20Your%20Cake%20Smash%20Photography,Worcester%20at%20least%204%E2%80%936%20weeks%20in%20advance.",melissabriggsphotography.com,blog-article,website,organic-site,organic,9992,Cake Smash Photographer in Worcester & Central Massachusetts,60,true,1,6,4,25,0,7,0,false,true,false,WebPage,31,2,0,0.0,4,1,,11,2.4,4,false,ok
"https://saraphotography.com.au/first-birthday/#:~:text=To%20ensure%20your%20images%20are%20ready%20for,time%2C%20please%20reach%20out%20well%20in%20advance.",saraphotography.com.au,blog-article,website,organic-site,organic,5560,first birthday - Sara Photography,33,true,0,11,8,37,0,11,0,false,true,false,BreadcrumbList|EntryPoint|ImageObject|ListItem|Organization|PropertyValueSpecification|ReadAction|SearchAction|WebPage|WebSite,2,81,11,1.98,5,5,,10,4.5,4,false,ok
"https://www.caitkramer.com/patterson-park-family-and-pet-mini-sessions-baltimore-family-mini-session-photographer/#:~:text=$200%20+%206%25%20MD%20sales%20tax,and%20BOOK%20YOUR%20SESSION%20HERE!",caitkramer.com,unknown,website,organic-site,organic,31,GenTech BlockPage,17,false,0,0,0,0,0,0,0,false,false,false,,0,1,0,0.0,0,0,,1,32.26,1,false,ok
"https://www.caitkramer.com/family-mini-sessions-in-baltimore-mini-session-recap/#:~:text=Cait%20Kramer%20is%20a%20family%20photographer%20in,*%20**Golden%20hour%20glow**%20*%20**Fall%20foliage**",caitkramer.com,unknown,website,organic-site,organic,31,GenTech BlockPage,17,false,0,0,0,0,0,0,0,false,false,false,,0,1,0,0.0,0,0,,1,32.26,1,false,ok
"https://www.karenrainier.com/minisessions#:~:text=Karen%20Rainier%20Photography%20%7C%20Maryland%20Photographer,to%20display%20on%20your%20walls.",karenrainier.com,unknown,website,organic-site,organic,31,GenTech BlockPage,17,false,0,0,0,0,0,0,0,false,false,false,,0,1,0,0.0,0,0,,1,32.26,1,false,ok
"https://www.facebook.com/brittanyhalephotography/#:~:text=%F0%9F%AA%A9%20HAPPY%20NEW%20YEAR%20%F0%9F%AA%A9,%F0%9F%A4%8D",facebook.com,unknown,facebook,social-community,social,,,,,,,,,,,,,,,,,,,,,,,,,,false,error: HTTPError
"https://brittanydunbarphotography.com/mini-sessions#:~:text=Brittany%20Dunbar%20Photography%20offers%20mini%20sessions%20in,greenhouse**%20*%20**Summer%20campfire**%20*%20**Urban%20foliage**",brittanydunbarphotography.com,blog-article,website,organic-site,organic,10253,Baltimore Photographers | Family Photographer Maryland,54,true,4,0,27,42,0,3,0,true,false,false,,45,11,2,0.2,17,6,,24,6.83,6,false,ok
"https://www.lisarobin.com/mini#:~:text=2026%20Baltimore%20Mini%20Sessions%20%7C%20Family,book%20here",lisarobin.com,unknown,website,organic-site,organic,20870,"2026 Baltimore Mini Sessions | Family, Maternity & Couples Photography",70,true,0,2,0,14,0,7,0,false,false,false,,0,38,2,0.1,11,48,,12,1.92,5,false,ok
https://www.alisondunnphotography.com/mini-sessions/,alisondunnphotography.com,service-page,website,organic-site,organic,21212,Montgomery County Maryland Mini Sessions | Alison Dunn Photography,66,true,2,10,16,4,0,7,0,false,true,false,EntryPoint|PropertyValueSpecification|ReadAction|SearchAction|WebPage|WebSite,34,37,28,1.32,8,33,,12,1.6,5,false,ok
"https://www.shootproof.com/blog/book-more-mini-sessions-with-email-templates-shootproof/#:~:text=Gorgeous%20autumn%20colors%2C%20sweater%20weather%2C%20cute%20themes,book%20more%20clients%20and%20land%20more%20sales.",shootproof.com,blog-article,website,organic-site,organic,10240,Book More Mini Sessions with These Helpful Email Templates | ShootProof Blog,76,true,1,13,7,19,0,22,0,false,true,false,Article|BreadcrumbList|EntryPoint|ImageObject|ListItem|Organization|Person|PropertyValueSpecification|QuantitativeValue|ReadAction|SearchAction|WebPage|WebSite,56,129,35,3.42,12,7,,13,4.2,9,false,ok
"https://www.nicolajanephotography.com/minisessions#:~:text=Mini%20sessions%20are%20a%20great%20way%20to,like%20Valentine's%20Day%2C%20Easter%2C%20Halloween%20and%20Christmas.",nicolajanephotography.com,unknown,website,organic-site,organic,2141,Mini Sessions — Newborn Photographer - Parker CO,48,true,0,1,0,13,0,0,0,false,true,false,LocalBusiness|Organization|WebSite,69,16,2,0.93,2,1,,3,3.74,6,false,ok
"https://www.kristalbeanphotography.com/heres-how-much-newborns-change-from-24-hours-to-12-weeks-old#:~:text=Honestly%2C%20this%20comes%20down%20to%20two%20factors:,heavy%20eyelids%20that%20babies%20just%20can't%20fight!",kristalbeanphotography.com,directory-listing,website,organic-site,organic,7563,These photos will help you decide when to schedule your newborn photos!,71,true,1,5,16,64,0,7,0,false,false,false,,10,43,43,5.69,8,23,,15,5.02,6,false,ok
https://kristinbrockmanphotography.com/when-to-take-newborn-photos/,kristinbrockmanphotography.com,blog-article,website,organic-site,organic,6915,When to Take Newborn Photos - Kristin Brockman Photography,58,true,1,4,15,37,0,9,0,false,true,false,Article|BreadcrumbList|CommentAction|EntryPoint|ImageObject|ListItem|Person|PropertyValueSpecification|ReadAction|SearchAction|WebPage|WebSite,0,47,13,1.88,4,3,2023-10-16,32,8.1,5,false,ok
https://arcadianphotography.com/pros-and-cons-of-newborn-photos-at-1-month/,arcadianphotography.com,unknown,website,organic-site,organic,16715,Pros and Cons of Newborn Photos at 1 Month | Arcadian Photography Instagram-color Facebook Copy-color Facebook Copy-color Instagram-color Facebook Copy-color Instagram-color Facebook Copy-color Instagram-color,209,false,1,2,8,12,0,0,1,false,true,false,BlogPosting|ImageObject|Organization|Person|ProfessionalService|WebPage|WebSite,91,34,2,0.12,7,6,,22,2.81,5,false,ok
https://www.kaileeriches.com/blogs/what-age-should-newborn-photos-be-taken,kaileeriches.com,directory-listing,website,organic-site,organic,1505,What Age Should Newborn Photos be Taken? — Kailee Riches Photography,68,true,6,3,0,43,0,0,0,false,true,false,Article|ImageObject|LocalBusiness|Organization|WebSite,51,9,4,2.66,6,0,,16,23.92,2,false,ok
https://neyssalee.com/when-to-do-newborn-photos-what-you-need-to-know/,neyssalee.com,unknown,website,organic-site,organic,31,GenTech BlockPage,17,false,0,0,0,0,0,0,0,false,false,false,,0,1,0,0.0,0,0,,1,32.26,1,false,ok
"https://marie-elizabethphotography.com/when-to-take-newborn-photos/#:~:text=Conclusion.%20In%20conclusion%2C%20the%20best%20time%20to,baby%20acne%20around%20the%20three%20week%20mark.",marie-elizabethphotography.com,blog-article,website,organic-site,organic,10485,When to Take Newborn Photos - Marie Elizabeth Photography,57,true,2,5,31,12,0,0,0,false,true,false,BlogPosting|GeoCoordinates|ImageObject|Organization|Person|Place|PostalAddress|WebPage|WebSite,31,24,12,1.14,3,3,,7,1.53,5,false,ok
https://www.kristenbrowningphoto.com/blog/when-should-you-schedule-your-newborn-session,kristenbrowningphoto.com,blog-article,website,organic-site,organic,2250,When should you schedule your newborn session?,46,true,1,8,3,21,0,0,0,false,true,false,Article|ImageObject|LocalBusiness|Organization|WebSite,44,11,2,0.89,8,1,,17,18.22,4,false,ok
https://debbiecambaphotography.com/best-time-to-book-newborn-photos-nj/,debbiecambaphotography.com,directory-listing,website,organic-site,organic,10901,Best Time to Take Newborn Photos And How to Choose What’s Right for Your Family Best Time to Take or Book Newborn Photos | NJ Lifestyle Photographer,148,true,1,16,12,15,1,5,0,true,true,false,Article|BreadcrumbList|CommentAction|EntryPoint|ImageObject|ListItem|Organization|Person|PropertyValueSpecification|ReadAction|SearchAction|WebPage|WebSite,34,30,10,0.92,6,5,,24,4.4,4,false,ok
https://kellylaramore.com/2022/02/best-time-to-do-newborn-photos/,kellylaramore.com,directory-listing,website,organic-site,organic,31,GenTech BlockPage,17,false,0,0,0,0,0,0,0,false,false,false,,0,1,0,0.0,0,0,,1,32.26,1,false,ok
https://www.cristinmore.com/blog/when-should-we-take-newborn-photos,cristinmore.com,blog-article,website,organic-site,organic,1333,Photo Tips | When Should We Take Newborn Photos?,48,true,1,2,0,28,0,1,0,false,true,false,Article|ImageObject|LocalBusiness|Organization|WebSite,62,16,0,0.0,4,1,,10,17.25,3,false,ok
https://jcpportraits.com/photo_tips_ideas/what-age-is-best-to-photograph-a-newborn/,jcpportraits.com,unknown,website,organic-site,organic,,,,,,,,,,,,,,,,,,,,,,,,,,false,error: HTTPError
https://www.youtube.com/watch?t=3&v=aHoP-970Sfo,youtube.com,video,youtube,video,video,550,Why Baby Age Matters For Your Newborn Sessions!! - YouTube,58,true,0,0,0,0,0,0,0,false,false,false,,6,8,13,23.64,2,1,,2,12.73,1,false,ok
https://mabelandmoose.co.uk/best-age-to-take-baby-photos,mabelandmoose.co.uk,unknown,website,organic-site,organic,,,,,,,,,,,,,,,,,,,,,,,,,,false,error: HTTPError
https://www.youtube.com/watch?v=aHoP-970Sfo&t=3,youtube.com,video,youtube,video,video,550,Why Baby Age Matters For Your Newborn Sessions!! - YouTube,58,true,0,0,0,0,0,0,0,false,false,false,,6,8,13,23.64,2,1,,2,12.73,1,false,ok
https://lauramares.com/how-to-prepare-your-baby-for-their-first-photo-session/,lauramares.com,blog-article,website,organic-site,organic,3720,How to Prepare Your Baby for Their First Photo Session,54,true,1,10,8,12,0,12,1,false,true,false,Article|BreadcrumbList|CommentAction|EntryPoint|ImageObject|ListItem|Organization|Person|PropertyValueSpecification|ReadAction|SearchAction|WebPage|WebSite,3,73,7,1.88,6,12,,9,6.72,5,false,ok
"https://www.jessicadoffing.com/recent-work/how-do-i-choose-my-newborn-photographer2912019#:~:text=If%20your%20priority%20is%20simply,And%20finally%E2%80%A6",jessicadoffing.com,blog-article,website,organic-site,organic,1311,How to Choose a Newborn Photographer | Austin Newborn Photography — Jessica Doffing Photography,95,true,1,2,0,9,0,7,0,false,true,false,Article|ImageObject|LocalBusiness|Organization|WebSite,42,4,3,2.29,6,1,,7,16.78,7,false,ok
"https://www.kimhildebrand.com/how-to-choose-a-newborn-photographer-near-me/#:~:text=Think%20about%20Session%20Location%20and,d%20like%20to%20go%20for?",kimhildebrand.com,unknown,website,organic-site,organic,31,GenTech BlockPage,17,false,0,0,0,0,0,0,0,false,false,false,,0,1,0,0.0,0,0,,1,32.26,1,false,ok
"https://knoxfamilyphoto.com/choosing-your-newborn-photographer/#:~:text=Next%20up%2C%20let's%20talk%20portfolios,I%20want%20photos%20like%20that!%E2%80%9D",knoxfamilyphoto.com,service-page,website,organic-site,organic,10137,Three P's of Choosing Your Newborn Photographer | knoxfamilyphoto.com,69,true,1,8,3,7,0,0,0,false,true,false,Article|BreadcrumbList|CommentAction|EntryPoint|ImageObject|ListItem|Organization|Person|PropertyValueSpecification|ReadAction|SearchAction|WebPage|WebSite,42,15,4,0.39,2,0,,7,1.38,6,false,ok
"https://whitneyobrien.com/how-to-choose-the-right-newborn-photographer-for-your-family/#:~:text=Read%20Reviews%20&%20Ask%20for%20Recommendations,to%20secure%20your%20newborn%20session!",whitneyobrien.com,directory-listing,website,organic-site,organic,5979,How to choose the right newborn photographer for your family - Whitney O'Brien Photography,90,true,1,7,1,32,0,8,6,false,true,false,Article|BreadcrumbList|EntryPoint|ImageObject|ListItem|Organization|Person|PropertyValueSpecification|ReadAction|SearchAction|WebPage|WebSite,0,65,10,1.67,12,9,,15,7.69,5,false,ok
"https://sofiaribeirophotography.com/choosing-a-newborn-photographer/#:~:text=1.,Kelly%20Brown%2C%20and%20Hello%20Little.",sofiaribeirophotography.com,directory-listing,website,organic-site,organic,13403,How to Choose a Newborn Photographer - 13 Questions to Ask - Sofia Ribeiro Photography,86,true,1,17,22,27,0,12,0,false,true,false,Article|BlogPosting|BreadcrumbList|CommentAction|EntryPoint|ImageObject|ListItem|Organization|Person|PropertyValueSpecification|ReadAction|SearchAction|WebPage|WebSite,9,72,48,3.58,3,38,,9,1.42,10,false,ok
"https://nestledintimephotography.com/how-to-choose-a-newborn-photographer/#:~:text=Search%20online%20for%20newborn%20photographers,or%20at%20the%20photographer's%20studio?",nestledintimephotography.com,directory-listing,website,organic-site,organic,20712,How to Choose a Newborn Photographer - Nestled in Time Photography,66,false,1,3,9,7,0,9,1,false,true,false,Article|BreadcrumbList|EntryPoint|ImageObject|ListItem|Organization|Person|PropertyValueSpecification|ReadAction|SearchAction|WebPage|WebSite,2,47,9,0.43,2,1,,16,1.35,8,false,ok
"https://livejoyphotography.com/gallery/tips-for-choosing-a-newborn-photographer#:~:text=Look%20for%20reviews%20from%20previous,view%20of%20the%20photographer's%20reputation.",livejoyphotography.com,directory-listing,website,organic-site,organic,1674,"Wondering How To Choose Your Newborn Photographer? — LIVEJOY PHOTOGRAPHY LiveJoy Photography in Salem, Oregon",109,true,1,8,0,11,0,0,0,true,true,true,AboutPage|AggregateRating|Answer|Article|ContactPage|ContactPoint|CreativeWorkSeries|FAQPage|GeoCoordinates|ImageObject|LocalBusiness|Offer|OfferCatalog|OpeningHoursSpecification|Organization|Person|Place|PostalAddress|Question|Rating|Review|Service|SiteNavigationElement|WebSite,70,23,1,0.6,9,3,2025-05-25,13,22.1,9,false,ok
"https://www.littlebranchphotography.com/blog/how-to-choose-the-right-newborn-photographer-for-your-family#:~:text=Review%20Portfolios:%20Once%20you've,can%20vary%20widely%20in%20cost.",littlebranchphotography.com,blog-article,website,organic-site,organic,2580,How to Choose the Right Newborn Photographer for Your Family — Little Branch Photography,88,true,1,3,2,10,0,0,0,false,true,false,Article|ImageObject|LocalBusiness|Organization|WebSite,49,20,4,1.55,10,0,,14,15.89,9,false,ok
https://www.saraherkesphoto.com/blog/hiring-newborn-photographer,saraherkesphoto.com,blog-article,website,organic-site,organic,4208,5 Questions to Ask Before Hiring a Newborn Photographer,55,true,1,9,8,14,0,0,0,false,true,false,Article|ImageObject|LocalBusiness|Organization|WebSite,128,6,0,0.0,9,2,,18,10.69,8,false,ok
"https://kendramartinphotography.com/2024/01/hire-a-newborn-photographer/#:~:text=Researching%20and%20finding%20newborn%20photographers,a%20professional%20and%20appealing%20manner.",kendramartinphotography.com,blog-article,website,organic-site,organic,14735,"Selecting the Perfect Newborn Photographer: A Comprehensive Guide - Kendra Martin Photography | Greenville, SC Wedding Photographer Image Hover Zoom Effect Image Hover Zoom Effect",179,true,1,30,3,23,0,0,0,false,true,false,BreadcrumbList|EntryPoint|ImageObject|ListItem|Person|PropertyValueSpecification|ReadAction|SearchAction|WebPage|WebSite,56,25,3,0.2,5,4,,14,2.1,9,false,ok
"https://claremurthy.com/how-to-find-good-newborn-photographer/#:~:text=Summary,I%20get%20for%20my%20investment?",claremurthy.com,blog-article,website,organic-site,organic,3454,How To Find A Good Newborn Photographer | A Buyer’s Guide | A Buyer's Guide,75,true,1,10,8,21,0,27,1,false,true,false,Article|BlogPosting|BreadcrumbList|CommentAction|EntryPoint|ImageObject|ListItem|Organization|Person|PropertyValueSpecification|ReadAction|SearchAction|WebPage|WebSite,2,151,4,1.16,3,1,,12,6.95,9,false,ok
https://www.rebeccadanzenbaker.com/studio-newborn-photography/,rebeccadanzenbaker.com,unknown,website,organic-site,organic,3865,7 Benefits of Studio Newborn Photography vs. Your Home,54,true,1,8,2,56,0,10,0,false,true,false,Article|BreadcrumbList|EntryPoint|ImageObject|ListItem|Organization|Person|PropertyValueSpecification|ReadAction|SearchAction|WebPage|WebSite,1,80,6,1.55,8,11,,15,9.83,5,false,ok
"https://whitneyobrien.com/studio-or-in-home-which-type-of-newborn-photo-session-is-best/#:~:text=Sometimes%20I%20even%20have%20clients,finished%20nursery%20or%20%E2%80%9Cperfect%E2%80%9D%20home",whitneyobrien.com,directory-listing,website,organic-site,organic,5084,Which type of newborn photo session is best - Studio or in-home? - Whitney O'Brien Photography,94,true,1,10,1,28,0,5,0,false,true,false,Article|BreadcrumbList|EntryPoint|ImageObject|ListItem|Organization|Person|PropertyValueSpecification|ReadAction|SearchAction|WebPage|WebSite,0,104,8,1.57,11,9,,16,9.05,5,false,ok
"https://www.jessicadoffing.com/recent-work/should-i-do-a-home-or-studio-newborn-session2912019#:~:text=Should%20I%20Do%20a%20Home,preferences%2C%20and%20stages%20of%20life.",jessicadoffing.com,comparison-page,website,organic-site,organic,1738,Home vs Studio Newborn Session | Austin Newborn Photographer — Jessica Doffing Photography,90,true,1,6,6,16,0,2,0,true,true,false,Article|ImageObject|LocalBusiness|Organization|WebSite,44,4,3,1.73,8,2,,10,17.84,3,false,ok
"https://nataliemariaphoto.com/blog/why-your-newborn-photo-session-should-be-done-at-home-instead-of-a-studio#:~:text=When%20deciding%20between%20a%20home%20and%20studio,Baby%20may%20be%20manipulated%20into%20awkward%20positions",nataliemariaphoto.com,blog-article,website,organic-site,organic,1803,Why Your Newborn Photo Session Should Be Done At Home Instead Of A Studio — Natalie Maria Photography,101,true,1,5,0,13,0,0,0,false,true,false,Article|ImageObject|LocalBusiness|Organization|WebSite,45,11,5,2.77,3,4,2023-02-08,10,11.65,3,false,ok
"https://www.andriafontenot.com/blog//home-vs-studio-newborn-session-lynchburg-va#:~:text=Both%20home%20and%20studio%20newborn,you%20don't%20have%20to.",andriafontenot.com,comparison-page,website,organic-site,organic,3105,Home vs Studio Newborn Session | Lynchburg VA — Lynchburg Newborn Photographer Andria Fontenot Photography,106,true,1,10,0,61,0,0,0,false,true,false,Article|GeoCoordinates|ImageObject|LocalBusiness|Offer|OfferCatalog|OpeningHoursSpecification|Organization|PostalAddress|Service|WebSite,46,29,0,0.0,10,1,,11,11.59,2,false,ok
"https://www.thesnugsessions.com/blog/in-home-vs-studio-newborn-photography#:~:text=The%20difference%20in%20the%20result,is%20about%20preserving%20a%20memory.",thesnugsessions.com,comparison-page,website,organic-site,organic,1875,"In Home vs Studio Newborn Photography, What Is Right For You? — The Snug Sessions",81,true,1,8,0,39,0,4,0,false,true,false,Article|ImageObject|LocalBusiness|Organization|WebSite,37,12,7,3.73,8,0,,8,14.93,2,false,ok
"https://worthcapturing.photography/choosing-between-a-studio-or-in-home-newborn-session/#:~:text=Another%20reason%20for%20choosing%20an,also%20really%20classic%20and%20beautiful.",worthcapturing.photography,unknown,website,organic-site,organic,9639,Choosing Between a Studio or In-Home Newborn Session in Raleigh - Worth Capturing Photography,93,true,1,8,5,23,1,2,0,false,true,false,Article|BreadcrumbList|CommentAction|EntryPoint|ImageObject|ListItem|Organization|Person|PropertyValueSpecification|ReadAction|SearchAction|WebPage|WebSite,13,12,9,0.93,6,4,,8,2.49,4,false,ok
"https://ginnyfilerphotography.com/blog/2025/12/19/studio-vs-in-home-newborn-photos-which-is-right-for-you#:~:text=How%20to%20decide,you%20best%20during%20this%20time.",ginnyfilerphotography.com,comparison-page,website,organic-site,organic,586,"Studio vs In-Home Newborn Photography | Silver Spring, MD Parents’ Guide — Ginny Filer Photography",98,true,2,0,3,30,0,14,0,false,true,false,Article|ImageObject|LocalBusiness|Organization|WebSite,80,16,3,5.12,3,3,2026-01-05,4,20.48,2,false,ok
"https://www.sandracoan.com/sandra-coan-photography-blog/studio-vs-in-home-newborn-photography-in-seattle-which-is-right-for-you#:~:text=Studio%20vs.-,In%2DHome%20Newborn%20Photography%20in%20Seattle:%20Which%20Is%20Right%20for,want%20during%20those%20first%20days.",sandracoan.com,comparison-page,website,organic-site,organic,1061,Studio vs. In-Home Newborn Photography in Seattle: Which Is Right for You?,74,false,1,8,5,14,0,6,0,true,true,false,Article|ImageObject|LocalBusiness|Organization|WebSite,40,24,1,0.94,2,3,2026-03-23,4,9.43,2,false,ok
https://laurendobishphotography.com/newborn-photoshoots-at-home-vs-in-a-studio/,laurendobishphotography.com,comparison-page,website,organic-site,organic,15633,Newborn Photoshoots at Home vs. In a Studio | Lauren Dobish Photography,71,true,1,5,7,52,0,1,0,true,true,false,Article|BreadcrumbList|CommentAction|EntryPoint|ImageObject|ListItem|Organization|Person|ReadAction|SearchAction|WebPage|WebSite,35,26,6,0.38,19,1,,22,4.54,5,false,ok
https://pompyportraits.com/in-home-newborn-photos-vs-studio-newborn-photos/,pompyportraits.com,comparison-page,website,organic-site,organic,12501,Studio vs In Home Newborn Photos - Pros & Cons | Pompy Portraits,64,true,1,5,18,18,0,4,0,false,true,false,BreadcrumbList|EntryPoint|ImageObject|ListItem|Person|PropertyValueSpecification|ReadAction|SearchAction|WebPage|WebSite,44,33,12,0.96,3,4,,6,1.2,5,false,ok
"https://photographybyalyssum.com/lifestyle-vs-studio-newborn/#:~:text=Session%20Time,that%20are%20sentimental%20to%20you.",photographybyalyssum.com,comparison-page,website,organic-site,organic,12982,Choosing Between In-Home & Studio Newborn - photographybyalyssum.com,68,true,1,0,3,34,0,0,0,false,true,false,Article|BreadcrumbList|CommentAction|EntryPoint|ImageObject|ListItem|Person|PropertyValueSpecification|ReadAction|SearchAction|WebPage|WebSite,52,13,12,0.92,2,2,,4,0.77,7,false,ok
"https://www.nycnewbornphotography.com/newborn-photography-in-home-or-in-studio-we-look-at-both-options/#:~:text=Photography%20Style,for%20your%20baby's%20professional%20photos.",nycnewbornphotography.com,blog-article,website,organic-site,organic,3437,Newborn Photography:  Studio or In-Home? » Glow Portraits | NYC Newborn & Maternity Photography,95,true,2,3,2,8,0,8,0,false,false,false,,0,42,0,0.0,4,2,,6,4.95,6,false,ok
"https://mollyhensley.com/2025/12/18/in-home-vs-studio-newborn-photography-greer/#:~:text=Which%20Option%20Is%20Right%20for,may%20be%20the%20better%20fit.",mollyhensley.com,comparison-page,website,organic-site,organic,13311,In-Home vs Studio Newborn Sessions | Greer Newborn Photographer - mollyhensley.com Facebook Copy-color Instagram-color Facebook Copy-color Instagram-color Facebook Copy-color Instagram-color,190,true,1,7,5,14,0,1,0,false,true,false,Article|BreadcrumbList|CommentAction|EntryPoint|ImageObject|ListItem|Organization|Person|PropertyValueSpecification|ReadAction|SearchAction|WebPage|WebSite,39,53,9,0.68,4,3,,5,1.13,4,false,ok
"https://lrgportraits.com/galleries/maternity/#:~:text=Lauren%20from%20LRG%20Portraits%20is%20a%20maternity,album%20design%20*%20Baby's%20first%20year%20memberships",lrgportraits.com,unknown,website,organic-site,organic,4383,Maryland Maternity Photographer | Maternity Portfolio,53,true,1,3,1,17,0,8,0,false,true,false,BreadcrumbList|EntryPoint|ImageObject|ListItem|PropertyValueSpecification|ReadAction|SearchAction|WebPage|WebSite,0,37,11,2.51,12,2,,26,14.37,9,false,ok
"https://marie-elizabethphotography.com/maryland-maternity-photographer/#:~:text=Marie%20is%20a%20maternity%20photographer%20in%20Maryland,or%20velvet%20album**%20*%20**Museum%2Dquality%20wall%20art**",marie-elizabethphotography.com,unknown,website,organic-site,organic,31,GenTech BlockPage,17,false,0,0,0,0,0,0,0,false,false,false,,0,1,0,0.0,0,0,,1,32.26,1,false,ok
https://emilyalyssa.com/maryland-maternity-photographer-chesapeake-bay-beach-maternity-photos/,emilyalyssa.com,unknown,website,organic-site,organic,31,GenTech BlockPage,17,false,0,0,0,0,0,0,0,false,false,false,,0,1,0,0.0,0,0,,1,32.26,1,false,ok
https://nellanunez.com/gallery/maternity-sessions/#:~:text=MATERNITY%20SESSIONS%20%2D%20Marianella%20Nunez%20Photography,nellanunez.com,unknown,website,organic-site,organic,31,GenTech BlockPage,17,false,0,0,0,0,0,0,0,false,false,false,,0,1,0,0.0,0,0,,1,32.26,1,false,ok
https://anakoskaphotography.com/photo/photography/maternity/,anakoskaphotography.com,unknown,website,organic-site,organic,31,GenTech BlockPage,17,false,0,0,0,0,0,0,0,false,false,false,,0,1,0,0.0,0,0,,1,32.26,1,false,ok
"https://www.facebook.com/kingshillstudios/posts/the-best-time-for-maternity-photos-is-usually-between-seven-and-eight-months-pre/1498216308976848/#:~:text=%F0%9F%93%B8%20The%20sweet%20spot%20for,of%20energy%20for%20the%20session!",facebook.com,unknown,facebook,social-community,social,,,,,,,,,,,,,,,,,,,,,,,,,,false,error: HTTPError
"https://www.instagram.com/p/DQ9RKkZkrso/#:~:text=BEST%20MATERNITY%20SHOOT:-,I%20recommend%20taking%20photos%20between%20the%2029%2D34%20weeks%20of,it%20can%20be%20physically%20demanding.",instagram.com,social-post,website,social-community,social,8455,Instagram,9,false,0,0,0,2,0,0,0,false,false,false,,0,0,5,0.59,1,0,,1,0.35,1,false,ok
"https://beccajeanphotography.com/when-to-take-maternity-photos-portland-oregon-photographer/#:~:text=The%20ideal%20time%20to%20schedule,vary%20depending%20on%20your%20body.",beccajeanphotography.com,unknown,website,organic-site,organic,31,GenTech BlockPage,17,false,0,0,0,0,0,0,0,false,false,false,,0,1,0,0.0,0,0,,1,32.26,1,false,ok
"https://www.camillecd.photography/en/blog-1/how-to-choose-your-maternity-photographer-fdzws#:~:text=When%20you%20are%20looking%20for,good%20reputation%20and%20happy%20customers.",camillecd.photography,directory-listing,website,organic-site,organic,2021,How to choose your maternity photographer (Copy) — Camille CD Photography,73,false,1,2,0,11,0,0,0,false,true,false,Article|ImageObject|LocalBusiness|Organization|WebSite,114,20,5,2.47,3,0,,12,11.88,7,false,ok
"https://nestledintimephotography.com/maternity-photography-pricing/#:~:text=A%20minimum%20total%20investment%20(excluding,investment%20with%20us%20is%20$2500.",nestledintimephotography.com,blog-article,website,organic-site,organic,21514,Maternity Photography Pricing - Nestled in Time Photography,59,true,1,5,15,15,0,9,0,true,true,false,BreadcrumbList|EntryPoint|ImageObject|ListItem|Organization|PropertyValueSpecification|ReadAction|SearchAction|WebPage|WebSite,4,53,9,0.42,15,1,,24,3.07,7,false,ok
"https://www.instagram.com/reel/DOgn8kvjp4H/#:~:text=I%20wanted%20to%20show%20you,sarah_thorwarth",instagram.com,social-post,website,social-community,social,8455,Instagram,9,false,0,0,0,2,0,0,0,false,false,false,,0,0,5,0.59,1,0,,1,0.35,1,false,ok
"https://www.instagram.com/p/DCgw7truOuI/#:~:text=If%20you%20get%20newborn%20photos,farmgirlknitting",instagram.com,social-post,website,social-community,social,8455,Instagram,9,false,0,0,0,2,0,0,0,false,false,false,,0,0,5,0.59,1,0,,1,0.35,1,false,ok
"https://www.instagram.com/reel/DR43y5rDpYW/#:~:text=Capturing%20your%20baby's%20tiniest%20details,%23baltimorephotography",instagram.com,social-post,website,social-community,social,8455,Instagram,9,false,0,0,0,2,0,0,0,false,false,false,,0,0,5,0.59,1,0,,1,0.35,1,false,ok
https://chanamirelphotography.com/sitter-sessions/,chanamirelphotography.com,unknown,website,organic-site,organic,1040,Sitter FAQ – Chana Mirel Photography | Baltimore Newborn Photographer,69,false,0,2,0,3,0,8,0,true,false,false,,0,33,4,3.85,2,1,,3,7.69,4,true,ok
https://www.tashasojkaphotography.com/home,tashasojkaphotography.com,directory-listing,website,organic-site,organic,77525,Tasha Sojka Photography | Newborn & Maternity Photographer in Baltimore Maryland,80,true,10,6,0,92,0,6,0,false,false,false,,0,55,1,0.01,54,111,,75,2.84,4,false,ok
"https://anakoskaphotography.com/#:~:text=Ana%20Koska%20is%20a%20professional%20photographer%20in,studio%2C%20outdoors%2C%20or%20a%20combination%20of%20both",anakoskaphotography.com,homepage,website,organic-site,organic,5433,"Newborn and Family Portrait Photographer, Baltimore Maryland | Ana Koska Photography",84,true,0,20,1,28,0,19,0,false,true,false,Article|GeoCoordinates|ImageObject|Organization|Person|Place|PostalAddress|ProfessionalService|SearchAction|WebPage|WebSite,24,101,16,2.94,3,1,,6,2.76,4,false,ok
"https://annecaseyphotography.com/portraits#:~:text=Here's%20some%20information%20about%20portrait%20photographers%20in,a%20combination%20of%20posed%20and%20candid%20portraits",annecaseyphotography.com,unknown,website,organic-site,organic,4007,Baltimore Photographer | Anne Casey Photography,47,true,1,2,5,44,0,0,0,false,false,false,,17,1,6,1.5,3,1,,3,2.5,1,false,ok
https://heartlovephotography.com/sitter-session-all-white-photography-studio/,heartlovephotography.com,unknown,website,organic-site,organic,1538,sitter session | all white photography studio – Heartlove Photography,69,false,1,0,0,2,0,5,0,false,false,false,,1,39,0,0.0,2,2,,3,5.2,0,false,ok
"https://www.rachaelphillipsphotography.co.uk/sitters-session/#:~:text=How%20It%20Works%20%E2%80%93%20Simple%2C%20Fun%20&,grins%2C%20wide%2Deyed%20expressions%2C%20and%20adorable%20moments%20together.",rachaelphillipsphotography.co.uk,unknown,website,organic-site,organic,31,GenTech BlockPage,17,false,0,0,0,0,0,0,0,false,false,false,,0,1,0,0.0,0,0,,1,32.26,1,false,ok
"https://annagracephoto.com/blog/maternity-milk-bath-shoot#:~:text=Maternity%20Milk%20Bath%20Shoot%20%7BTowson,shoot%2C%20because%20why%20not!?",annagracephoto.com,blog-article,website,organic-site,organic,31,GenTech BlockPage,17,false,0,0,0,0,0,0,0,false,false,false,,0,1,0,0.0,0,0,,1,32.26,1,false,ok
"https://sarahmichelephotography.com/baltimore-family-photographer-milk-bath/#:~:text=Sarah%20Michele%20photography%20specializes%20in%20Newborn%2C%20Family%2C,up%20an%20incredible%20session%20for%20you%20or",sarahmichelephotography.com,unknown,website,organic-site,organic,907,Baltimore Family Photographer | Milk bath,41,true,1,1,5,20,1,8,0,false,true,false,Article|BreadcrumbList|CommentAction|EntryPoint|ImageObject|ListItem|Organization|Person|PropertyValueSpecification|ReadAction|SearchAction|WebPage|WebSite,5,55,10,11.03,4,2,2019-08-14,5,16.54,2,false,ok
"https://www.winniebrucephotography.com/families/ashley-hugos-nursing-milk-bath-baltimore-md-baby-photographer/#:~:text=Winnie%20Bruce%20Photography%20is%20a,found%20under%20the%20investment%20tab.",winniebrucephotography.com,unknown,website,organic-site,organic,1523,"Ashley & Hugo's nursing milk bath | Baltimore, MD Baby Photographer - Winnie Bruce Photography",94,false,3,0,0,31,0,3,0,false,true,false,Article|BreadcrumbList|CommentAction|EntryPoint|ImageObject|ListItem|Organization|Person|PropertyValueSpecification|ReadAction|SearchAction|WebPage|WebSite,1,23,7,4.6,3,2,2018-10-30,5,8.54,3,false,ok
"https://marie-elizabethphotography.com/milk-bath-photoshoots-romantic-newborn-photos/#:~:text=If%20milk%20bath%20photoshoots%20weren,with%20a%20full%2Dservice%20experience.",marie-elizabethphotography.com,blog-article,website,organic-site,organic,11571,Milk bath Photoshoots | Romantic Newborn Photos - Marie Elizabeth Photography,77,true,1,6,26,19,0,0,0,false,true,false,BlogPosting|GeoCoordinates|ImageObject|Organization|Person|Place|PostalAddress|WebPage|WebSite,31,24,13,1.12,3,3,,3,0.86,5,false,ok
"https://www.borrowedbluephoto.com/blog/tag/baltimore+milk+bath#:~:text=First%20Birthday%20Cake%20Smash&text=Borrowed%20Blue%20Portrait%20Photography%20photographed,at%20the%20studio%20in%20Hampden.",borrowedbluephoto.com,unknown,website,organic-site,organic,,,,,,,,,,,,,,,,,,,,,,,,,,false,error: URLError
"https://www.lisarobin.com/newborn#:~:text=Outfits%20like%20the%20ones%20shown,to%20stay%20calm%20and%20comfortable.",lisarobin.com,blog-article,website,organic-site,organic,118888,Baltimore Maternity and Newborn Photographer,44,true,1,5,2,64,0,7,0,false,false,false,,0,37,2,0.02,74,104,,108,2.61,5,false,ok
"https://chayabraun.com/#:~:text=What%20sets%20Chaya%20Braun%20Photography,beautiful%20artwork%20on%20their%20walls.",chayabraun.com,homepage,website,organic-site,organic,2268,"Baltimore Newborn Photography, Baby Photographer - Chaya Braun",62,true,2,11,1,18,0,5,0,false,true,false,BreadcrumbList|EntryPoint|GeoCoordinates|ImageObject|ListItem|LocalBusiness|OpeningHoursSpecification|Organization|PostalAddress|PropertyValueSpecification|ReadAction|SearchAction|WebPage|WebSite,3,34,8,3.53,4,3,,17,14.55,7,false,ok
"https://staceygillinphotography.com/stacey-gillin-photography-baltimore-md-newborn-photographer/#:~:text=A%20client%20who%20drove%20with,booking%20your%20session%20with%20her!%E2%80%9D",staceygillinphotography.com,unknown,website,organic-site,organic,5775,Newborn Photographer Near Baltimore,35,true,2,5,0,26,0,8,0,false,true,false,Article|BreadcrumbList|CommentAction|EntryPoint|ImageObject|ListItem|Person|PropertyValueSpecification|ReadAction|SearchAction|WebPage|WebSite,3,44,9,1.56,3,4,2024-05-10,8,3.12,6,false,ok
"https://www.redlotusphotography.com/milk-bath-photos/baby-milk-bath-photos-fruit-and-flower-fun/#:~:text=Milk%20baths%20consist%20of%20warm%20water%2C%20milk%2C,make%20when%20they%20taste%20a%20lemon%E2%80%93so%20cute!",redlotusphotography.com,unknown,website,organic-site,organic,383,Baby Milk Bath Photos | Fruit and Flower Fun! » Red Lotus Photography,69,true,3,0,0,18,0,9,0,false,false,false,,0,66,0,0.0,1,1,,2,13.05,0,false,ok
